Method,Runtime,Deletion Score
Grad-CAM,0.08336124420166016,0.7054867001250387
LIME,0.38406949043273925,0.6917884132728795
SHAP,1.3857240676879883,0.26742216562241083
